{"cameraMode":{"drawMode":0,"name":"Shaded","section":"Shading Mode"},"sceneLighting":true,"audioPlay":false,"sceneViewState":{"m_AlwaysRefresh":false,"showFog":true,"showSkybox":true,"showFlares":true,"showImageEffects":true,"showParticleSystems":true,"showVisualEffectGraphs":true,"m_FxEnabled":true},"in2DMode":false,"pivot":{"x":13.80883502960205,"y":8.905020713806153,"z":-5.644033908843994},"rotation":{"x":0.18587155640125276,"y":0.12051961570978165,"z":-0.022977260872721673,"w":0.9748860597610474},"size":1133.372314453125,"orthographic":true}