{"cameraMode":{"drawMode":0,"name":"Shaded","section":"Shading Mode"},"sceneLighting":true,"audioPlay":false,"sceneViewState":{"m_AlwaysRefresh":false,"showFog":true,"showSkybox":true,"showFlares":true,"showImageEffects":true,"showParticleSystems":true,"showVisualEffectGraphs":true,"m_FxEnabled":true},"in2DMode":false,"pivot":{"x":3.2625503540039064,"y":-3.3978679180145265,"z":-10.694482803344727},"rotation":{"x":-0.1032048910856247,"y":-0.8954398036003113,"z":0.3327794671058655,"w":-0.27751338481903078},"size":37.615848541259769,"orthographic":true}