{"cameraMode":{"drawMode":0,"name":"Shaded","section":"Shading Mode"},"sceneLighting":true,"audioPlay":false,"sceneViewState":{"m_AlwaysRefresh":false,"showFog":true,"showSkybox":true,"showFlares":true,"showImageEffects":true,"showParticleSystems":true,"showVisualEffectGraphs":true,"m_FxEnabled":true},"in2DMode":false,"pivot":{"x":2.6582019329071047,"y":5.912942886352539,"z":6.557172775268555},"rotation":{"x":0.3180156946182251,"y":-0.03790518268942833,"z":0.012739094905555249,"w":0.9472615122795105},"size":13.501994132995606,"orthographic":true}