{"cameraMode":{"drawMode":0,"name":"Shaded","section":"Shading Mode"},"sceneLighting":true,"audioPlay":false,"sceneViewState":{"m_AlwaysRefresh":false,"showFog":true,"showSkybox":true,"showFlares":true,"showImageEffects":true,"showParticleSystems":true,"showVisualEffectGraphs":true,"m_FxEnabled":true},"in2DMode":false,"pivot":{"x":911.6627807617188,"y":1075.77001953125,"z":-29.72845458984375},"rotation":{"x":0.026827344670891763,"y":0.0709148719906807,"z":-0.0019077628385275603,"w":0.9971222877502441},"size":714.3939208984375,"orthographic":true}