{"cameraMode":{"drawMode":0,"name":"Shaded","section":"Shading Mode"},"sceneLighting":true,"audioPlay":false,"sceneViewState":{"m_AlwaysRefresh":false,"showFog":true,"showSkybox":true,"showFlares":true,"showImageEffects":true,"showParticleSystems":true,"showVisualEffectGraphs":true,"m_FxEnabled":true},"in2DMode":false,"pivot":{"x":442.4837646484375,"y":348.49664306640627,"z":-50.34906005859375},"rotation":{"x":0.2593758702278137,"y":-0.01399775967001915,"z":0.0037763062864542009,"w":0.9656917452812195},"size":401.399658203125,"orthographic":true}