{"cameraMode":{"drawMode":0,"name":"Shaded","section":"Shading Mode"},"sceneLighting":false,"audioPlay":false,"sceneViewState":{"m_AlwaysRefresh":false,"showFog":true,"showSkybox":false,"showFlares":true,"showImageEffects":true,"showParticleSystems":true,"showVisualEffectGraphs":true,"m_FxEnabled":true},"in2DMode":false,"pivot":{"x":1.4457042217254639,"y":-0.08215093612670899,"z":18.014007568359376},"rotation":{"x":0.013068446889519692,"y":0.9784594774246216,"z":-0.19535550475120545,"w":0.06545469164848328},"size":2.288658380508423,"orthographic":false}